CurrentStatusMilestone,Organization,PointOfContact,PositionTitle,SF52Number,NumberOfRecords
01. Validate Need,DEPUTY ADMINISTRATOR FOR MANAGEMENT,Javier Inclan,Lead Facilities Operations Specialist,MAN-14-061,1
01. Validate Need,DEPUTY ADMINISTRATOR FOR MANAGEMENT,Javier Inclan,Lead Inventory Management Specialist,MAN-14-062,1
03. Review/Update Position Description,CENTER FOR NUTRITION POLICY AND PROMOTION,Jackie Haven,Lead Nutritionist,CNPP-14-008,1
03. Review/Update Position Description,CENTER FOR NUTRITION POLICY AND PROMOTION,Jackie Haven,Lead Nutritionist,CNPP-14-009,1
03. Review/Update Position Description,CENTER FOR NUTRITION POLICY AND PROMOTION,Jackie Haven,Lead Nutritionist/Economist,CNPP-14-011,1
03. Review/Update Position Description,DEPUTY ADMINISTRATOR FOR MANAGEMENT,Mike Short,Government Information Specialist,,1
03. Review/Update Position Description,DEPUTY ADMINSTRATOR FOR CHILD NUTRITION PROGRAMS,Cindy Long,Social Science Research Analyst,,1
03. Review/Update Position Description,DEPUTY ADMINSTRATOR FOR CHILD NUTRITION PROGRAMS,Tina Namian,Nutritionist,,1
03. Review/Update Position Description,DEPUTY ADMINSTRATOR FOR SUPPLEMENTAL NUTRITION AND SAFETY PROGRAMS,Janice Fitzgerald,Program Analyst,,3
03. Review/Update Position Description,DEPUTY ADMINSTRATOR FOR SUPPLEMENTAL NUTRITION AND SAFETY PROGRAMS,Peggy Cantfil,Program Analyst,,1
03. Review/Update Position Description,OFFICE OF THE CHIEF FINANCIAL OFFICER,Mark Porter,Management Analyst,,6
03. Review/Update Position Description,OFFICE OF THE CHIEF INFORMATION OFFICER,Rory Schultz,IT Specialist,,1
04. Confirm Job Analysis and Assessment - Develop Strategy,DEPUTY ADMINISTRATOR FOR MANAGEMENT,Javier Inclan,Emergency Management Specialist,MAN-14-058,1
04. Confirm Job Analysis and Assessment - Develop Strategy,DEPUTY ADMINISTRATOR FOR MANAGEMENT,Javier Inclan,Inventory Management Specialist,MAN-14-065,1
04. Confirm Job Analysis and Assessment - Develop Strategy,DEPUTY ADMINISTRATOR FOR MANAGEMENT,Javier Inclan,Motor Vehicle Operator,MAN-14-060,1
04. Confirm Job Analysis and Assessment - Develop Strategy,DEPUTY ADMINISTRATOR FOR MANAGEMENT,Javier Inclan,Motor Vehicle Operator,MAN-14-076,1
04. Confirm Job Analysis and Assessment - Develop Strategy,DEPUTY ADMINISTRATOR FOR MANAGEMENT,Lance Petteway,Contract Specialist,MAN-14-040,1
04. Confirm Job Analysis and Assessment - Develop Strategy,DEPUTY ADMINISTRATOR FOR MANAGEMENT,Lance Petteway,Contract Specialist,MAN-14-041,1
04. Confirm Job Analysis and Assessment - Develop Strategy,DEPUTY ADMINISTRATOR FOR MANAGEMENT,Lance Petteway,Contract Specialist,MAN-14-042,1
04. Confirm Job Analysis and Assessment - Develop Strategy,DEPUTY ADMINISTRATOR FOR MANAGEMENT,Lance Petteway,Contract Specialist,MAN-14-043,1
04. Confirm Job Analysis and Assessment - Develop Strategy,DEPUTY ADMINISTRATOR FOR MANAGEMENT,Lance Petteway,Contract Specialist,MAN-14-044,1
04. Confirm Job Analysis and Assessment - Develop Strategy,DEPUTY ADMINISTRATOR FOR MANAGEMENT,Telora Dean,Management Analyst,,1
04. Confirm Job Analysis and Assessment - Develop Strategy,MOUNTAIN PLAINS REGIONAL OFFICE,Cheryl Kennedy,Program Analyst,MP14020SNAP,1
04. Confirm Job Analysis and Assessment - Develop Strategy,MOUNTAIN PLAINS REGIONAL OFFICE,Cheryl Kennedy,Program Technician,MP14021SNAP,1
04. Confirm Job Analysis and Assessment - Develop Strategy,MOUNTAIN PLAINS REGIONAL OFFICE,Cindy Archuleta,FM SPECLST (performs No Grant work),MP14029FM,1
04. Confirm Job Analysis and Assessment - Develop Strategy,MOUNTAIN PLAINS REGIONAL OFFICE,Larry Grandison,Management Analyst (HR Liaison),MP14015RA,1
04. Confirm Job Analysis and Assessment - Develop Strategy,NORTHEAST REGIONAL OFFICE,Kurt Messner,Secretary,NE1417,1
04. Confirm Job Analysis and Assessment - Develop Strategy,OFFICE OF THE CHIEF FINANCIAL OFFICER,Ed Pauley,Budget Analyst,FM-14-31/32/33,1
04. Confirm Job Analysis and Assessment - Develop Strategy,OFFICE OF THE CHIEF FINANCIAL OFFICER,Fozia Abdi,Accountant,,1
04. Confirm Job Analysis and Assessment - Develop Strategy,OFFICE OF THE CHIEF FINANCIAL OFFICER,Fozia Abdi,Accountant,FM-14-050,1
04. Confirm Job Analysis and Assessment - Develop Strategy,OFFICE OF THE CHIEF FINANCIAL OFFICER,Larry Blim,Accountant,,1
04. Confirm Job Analysis and Assessment - Develop Strategy,OFFICE OF THE CHIEF FINANCIAL OFFICER,Latonya Williams,Accountant,,1
04. Confirm Job Analysis and Assessment - Develop Strategy,OFFICE OF THE CHIEF FINANCIAL OFFICER,Latonya Williams,Travel Coordinator,,1
04. Confirm Job Analysis and Assessment - Develop Strategy,OFFICE OF THE CHIEF FINANCIAL OFFICER,Lisa Greenwood,Program Analyst,FM/14/058/059/060/061/062,1
04. Confirm Job Analysis and Assessment - Develop Strategy,OFFICE OF THE CHIEF FINANCIAL OFFICER,Lisa Greenwood,Supervisory Budget Analyst,FM-14-054,1
04. Confirm Job Analysis and Assessment - Develop Strategy,OFFICE OF THE CHIEF INFORMATION OFFICER,Donald Staren Doby,IT Specialist (CUSTSPT),IT-14-16,1
04. Confirm Job Analysis and Assessment - Develop Strategy,OFFICE OF THE CHIEF INFORMATION OFFICER,Jacqueline Butler,IT Specialist (Governance),,1
04. Confirm Job Analysis and Assessment - Develop Strategy,RETAILER OPERATIONS DIVISION,Joe Minniti,Management Analyst (Assistant to the Branch Chief),14-ROD-074,1
04. Confirm Job Analysis and Assessment - Develop Strategy,RETAILER OPERATIONS DIVISION,Joe Minniti,Management Analyst (Assistant to the Branch Chief),14-ROD-075,1
04. Confirm Job Analysis and Assessment - Develop Strategy,RETAILER OPERATIONS DIVISION,Joe Minniti,Management Analyst (Assistant to the Branch Chief),14-ROD-076,1
04. Confirm Job Analysis and Assessment - Develop Strategy,RETAILER OPERATIONS DIVISION,Joe Minniti,Management Analyst (HR Liaison)                         Alexandria,14-ROD-072B,1
04. Confirm Job Analysis and Assessment - Develop Strategy,RETAILER OPERATIONS DIVISION,Joe Minniti,Management Analyst (HR Liaison)                          Chicago,14-ROD-072A,1
04. Confirm Job Analysis and Assessment - Develop Strategy,SOUTHWEST REGIONAL OFFICE,Melvin Pickrell,Systems Accountant,14-SWRO-013,1
04. Confirm Job Analysis and Assessment - Develop Strategy,SUPPLEMENTAL NUTRITION ASSISTANCE PROGRAM,Andrea Gold,Program Analyst (Senior Technical Advisor),14SNAP04,1
04. Confirm Job Analysis and Assessment - Develop Strategy,WESTERN REGIONAL OFFICE,Jesus Mendoza,Secretary,14-WRO-013,1
04. Confirm Job Analysis and Assessment - Develop Strategy,WESTERN REGIONAL OFFICE,Lisa Kim,Program Technician,14-WRO-038,1
04. Confirm Job Analysis and Assessment - Develop Strategy,WESTERN REGIONAL OFFICE,Maribelle Balbes,Program Technician,14-WRO-040,1
04. Confirm Job Analysis and Assessment - Develop Strategy,WESTERN REGIONAL OFFICE,Michael Ladd,Public Affairs Specialist,14-WRO-042,1
04. Confirm Job Analysis and Assessment - Develop Strategy,WESTERN REGIONAL OFFICE,VACANT (at this time),Program Technician,14-WRO-012,1
05. Create and Post Job Opportunity Announcement,ASSOCIATE ADMINISTRATOR FOR REGIONAL OPERATIONS AND SUPPORT,Toni Abernathy,Emergency Management Specialist,14-ROS-002,1
05. Create and Post Job Opportunity Announcement,CIVIL RIGHTS DIVISION,David Youngblood,Equal Opportunity Specialist,CRD-14-007,1
05. Create and Post Job Opportunity Announcement,CIVIL RIGHTS DIVISION,David Youngblood,Equal Opportunity Specialist,CRD-14-008,1
05. Create and Post Job Opportunity Announcement,CIVIL RIGHTS DIVISION,David Youngblood,Equal Opportunity Specialist,CRD-14-009,1
05. Create and Post Job Opportunity Announcement,DEPUTY ADMINISTRATOR FOR MANAGEMENT,Frank McDonough,Management Analyst (Reporting/Analytics),14-HRD-099,1
05. Create and Post Job Opportunity Announcement,DEPUTY ADMINISTRATOR FOR MANAGEMENT,Javier Inclan,Space Utilization Specialist,MAN-14-075,1
05. Create and Post Job Opportunity Announcement,DEPUTY ADMINISTRATOR FOR MANAGEMENT,Javier Inclan,Support Services Specialist,MAN-14-064,1
05. Create and Post Job Opportunity Announcement,DEPUTY ADMINISTRATOR FOR MANAGEMENT,Mark Scholz,Human Resources Division - Learning and Development Branch,MAN-14-069,1
05. Create and Post Job Opportunity Announcement,DEPUTY ADMINSTRATOR FOR CHILD NUTRITION PROGRAMS,Cindy Long,Program Analyst,,4
05. Create and Post Job Opportunity Announcement,DEPUTY ADMINSTRATOR FOR CHILD NUTRITION PROGRAMS,Cindy Long,Supervisory Program Manager (Division Director),CNP-029,1
05. Create and Post Job Opportunity Announcement,DEPUTY ADMINSTRATOR FOR CHILD NUTRITION PROGRAMS,Tina Namian,Program Analyst,,1
05. Create and Post Job Opportunity Announcement,DEPUTY ADMINSTRATOR FOR CHILD NUTRITION PROGRAMS,Vivian Lees,Program Analyst,,2
05. Create and Post Job Opportunity Announcement,DEPUTY ADMINSTRATOR FOR SUPPLEMENTAL NUTRITION AND SAFETY PROGRAMS,Brenda Halbrook,Food Safety Specialist,SNAS-14-1,1
05. Create and Post Job Opportunity Announcement,DEPUTY ADMINSTRATOR FOR SUPPLEMENTAL NUTRITION AND SAFETY PROGRAMS,Donna Hines,Program Analyst,SNAS-14-24,1
05. Create and Post Job Opportunity Announcement,DEPUTY ADMINSTRATOR FOR SUPPLEMENTAL NUTRITION AND SAFETY PROGRAMS,Hayes Brown,Program Analyst,SNAS-14-25,1
05. Create and Post Job Opportunity Announcement,DEPUTY ADMINSTRATOR FOR SUPPLEMENTAL NUTRITION AND SAFETY PROGRAMS,Janice Fitzgerald,Program Analyst,SNAS-14-11,1
05. Create and Post Job Opportunity Announcement,DEPUTY ADMINSTRATOR FOR SUPPLEMENTAL NUTRITION AND SAFETY PROGRAMS,Jerilyn Malliet,Program Analyst,,2
05. Create and Post Job Opportunity Announcement,DEPUTY ADMINSTRATOR FOR SUPPLEMENTAL NUTRITION AND SAFETY PROGRAMS,Laura Castro,Program Analyst (Senior Technical Advisor),SNAS-14-17,1
05. Create and Post Job Opportunity Announcement,DEPUTY ADMINSTRATOR FOR SUPPLEMENTAL NUTRITION AND SAFETY PROGRAMS,Laura Castro,Supervisory Program Analyst (Branch Chief),SNAS-14-19,1
05. Create and Post Job Opportunity Announcement,DEPUTY ADMINSTRATOR FOR SUPPLEMENTAL NUTRITION AND SAFETY PROGRAMS,Peggy Cantfil,Program Analyst,SNAS-14-23,1
05. Create and Post Job Opportunity Announcement,DEPUTY ADMINSTRATOR FOR SUPPLEMENTAL NUTRITION AND SAFETY PROGRAMS,Sarah Vidor,Program Analyst,SNAS-14-21,1
05. Create and Post Job Opportunity Announcement,DEPUTY ADMINSTRATOR FOR SUPPLEMENTAL NUTRITION AND SAFETY PROGRAMS,Sarah Vidor,Program Analyst,SNAS-14-22,1
05. Create and Post Job Opportunity Announcement,DEPUTY ADMINSTRATOR FOR SUPPLEMENTAL NUTRITION AND SAFETY PROGRAMS,Sarah Widor,Program Analyst,SNAS-14-20,1
05. Create and Post Job Opportunity Announcement,MID-ATLANTIC REGIONAL OFFICE,James Harmon,Lead Program Specialist,14-MARO-039,1
05. Create and Post Job Opportunity Announcement,MID-ATLANTIC REGIONAL OFFICE,Jim Harmon,Supervisory Program Specialist (Branch Chief),14-MARO-042,1
05. Create and Post Job Opportunity Announcement,MIDWEST REGIONAL OFFICE,Susan Holzer,Supervisory Program Specialist (Branch Chief),14MWRO101,1
05. Create and Post Job Opportunity Announcement,MOUNTAIN PLAINS REGIONAL OFFICE,Cindy Archuleta,Systems Accountant,MP14027FM,1
05. Create and Post Job Opportunity Announcement,OFFICE OF POLICY SUPPORT,Ed Harper,Social Science Policy Analyst,14-OPS-23,1
05. Create and Post Job Opportunity Announcement,OFFICE OF POLICY SUPPORT,Ed Harper,Social Science Policy Analyst,14-OPS-24,1
05. Create and Post Job Opportunity Announcement,OFFICE OF POLICY SUPPORT,Lynnette Williams,Information Collection Clearance Officer,14-OPS-25,1
05. Create and Post Job Opportunity Announcement,OFFICE OF THE CHIEF COMMUNICATIONS OFFICER,Regan Hopper,Public Affairs Specialist,OCCO-14-017,1
05. Create and Post Job Opportunity Announcement,OFFICE OF THE CHIEF COMMUNICATIONS OFFICER,Regan Hopper,Public Affairs Specialist� (Bi-Lingual),OCCO-14-004,1
05. Create and Post Job Opportunity Announcement,OFFICE OF THE CHIEF COMMUNICATIONS OFFICER,VACANT at this time,Public Affairs Specialist,OCCO-14-017,1
05. Create and Post Job Opportunity Announcement,OFFICE OF THE CHIEF COMMUNICATIONS OFFICER,VACANT at this time,Public Affairs Specialist (web),,1
05. Create and Post Job Opportunity Announcement,OFFICE OF THE CHIEF COMMUNICATIONS OFFICER,VACANT at this time,Public Affairs Specialist (web),OCCO-14-018,1
05. Create and Post Job Opportunity Announcement,OFFICE OF THE CHIEF FINANCIAL OFFICER,Lael Lubing,Supervisory Grants Management Specialist,FM-14-029,1
05. Create and Post Job Opportunity Announcement,OFFICE OF THE CHIEF FINANCIAL OFFICER,Larry Blim,Supervisory Systems Accountant,FM-14-026,1
05. Create and Post Job Opportunity Announcement,OFFICE OF THE CHIEF FINANCIAL OFFICER,Mark Porter,Deputy Director,NEED SF52,1
05. Create and Post Job Opportunity Announcement,OFFICE OF THE CHIEF INFORMATION OFFICER,Allison Willcox,IT Project Manager,IT-14-23,1
05. Create and Post Job Opportunity Announcement,OFFICE OF THE CHIEF INFORMATION OFFICER,Allison Willcox,IT Project Manager,IT-14-24,1
05. Create and Post Job Opportunity Announcement,OFFICE OF THE CHIEF INFORMATION OFFICER,Allison Willcox,IT Project Manager,IT-14-25,1
05. Create and Post Job Opportunity Announcement,OFFICE OF THE CHIEF INFORMATION OFFICER,Allison Willcox,IT Project Manager,IT-14-26,1
05. Create and Post Job Opportunity Announcement,OFFICE OF THE CHIEF INFORMATION OFFICER,Allison Willcox,IT Project Manager,IT-14-27,1
05. Create and Post Job Opportunity Announcement,OFFICE OF THE CHIEF INFORMATION OFFICER,Allison Willcox,IT Project Manager,IT-14-28,1
05. Create and Post Job Opportunity Announcement,OFFICE OF THE CHIEF INFORMATION OFFICER,Charlene Grundhoffer,IT Specialist (Network),IT-14-15,1
05. Create and Post Job Opportunity Announcement,OFFICE OF THE CHIEF INFORMATION OFFICER,Rory Schultz,Chief Information Security Officer,IT-14-29,1
05. Create and Post Job Opportunity Announcement,OFFICE OF THE CHIEF INFORMATION OFFICER,Vangie Cypher,IT Specialist (Network),IT-14-17,1
05. Create and Post Job Opportunity Announcement,RETAILER OPERATIONS DIVISION,Joe Minniti,Compliance Technician - Miami,13-ROD-078,1
05. Create and Post Job Opportunity Announcement,RETAILER OPERATIONS DIVISION,Joe Minniti,Investigator,14-ROD-007,1
05. Create and Post Job Opportunity Announcement,RETAILER OPERATIONS DIVISION,Joe Minniti,Investigator,14-ROD-008,1
05. Create and Post Job Opportunity Announcement,RETAILER OPERATIONS DIVISION,Joe Minniti,Investigator,14-ROD-016,1
05. Create and Post Job Opportunity Announcement,RETAILER OPERATIONS DIVISION,Joe Minniti,Investigator,14-ROD-017,1
05. Create and Post Job Opportunity Announcement,RETAILER OPERATIONS DIVISION,Joe Minniti,Investigator,14-ROD-018,1
05. Create and Post Job Opportunity Announcement,RETAILER OPERATIONS DIVISION,Joe Minniti,Investigator,14-ROD-019,1
05. Create and Post Job Opportunity Announcement,RETAILER OPERATIONS DIVISION,Joe Minniti,Investigator,14-ROD-020,1
05. Create and Post Job Opportunity Announcement,RETAILER OPERATIONS DIVISION,Joe Minniti,Investigator,14-ROD-021,1
05. Create and Post Job Opportunity Announcement,RETAILER OPERATIONS DIVISION,Joe Minniti,Management Analyst (Assistant to the Director) Alexandria,14-ROD-073B,1
05. Create and Post Job Opportunity Announcement,RETAILER OPERATIONS DIVISION,Joe Minniti,Management Analyst (Assistant to the Director) Chicago,14-ROD-073A,1
05. Create and Post Job Opportunity Announcement,RETAILER OPERATIONS DIVISION,Joe Minniti,Program Specialist,14-ROD-022,1
05. Create and Post Job Opportunity Announcement,RETAILER OPERATIONS DIVISION,Joe Minniti,Program Specialist,14-ROD-023,1
05. Create and Post Job Opportunity Announcement,RETAILER OPERATIONS DIVISION,Joe Minniti,Program Specialist,14-ROD-024,1
05. Create and Post Job Opportunity Announcement,RETAILER OPERATIONS DIVISION,Joe Minniti,Program Specialist,14-ROD-025,1
05. Create and Post Job Opportunity Announcement,RETAILER OPERATIONS DIVISION,Joe Minniti,Program Specialist,14-ROD-026,1
05. Create and Post Job Opportunity Announcement,RETAILER OPERATIONS DIVISION,Joe Minniti,Program Specialist,14-ROD-027,1
05. Create and Post Job Opportunity Announcement,RETAILER OPERATIONS DIVISION,Joe Minniti,Program Specialist,14-ROD-028,1
05. Create and Post Job Opportunity Announcement,RETAILER OPERATIONS DIVISION,Joe Minniti,Program Specialist,14-ROD-029,1
05. Create and Post Job Opportunity Announcement,RETAILER OPERATIONS DIVISION,Joe Minniti,Program Specialist,14-ROD-030,1
05. Create and Post Job Opportunity Announcement,RETAILER OPERATIONS DIVISION,Joe Minniti,Program Specialist,14-ROD-031,1
05. Create and Post Job Opportunity Announcement,RETAILER OPERATIONS DIVISION,Joe Minniti,Program Specialist,14-ROD-032,1
05. Create and Post Job Opportunity Announcement,RETAILER OPERATIONS DIVISION,Joe Minniti,Program Specialist,14-ROD-033,1
05. Create and Post Job Opportunity Announcement,RETAILER OPERATIONS DIVISION,Joe Minniti,Program Specialist,14-ROD-034,1
05. Create and Post Job Opportunity Announcement,RETAILER OPERATIONS DIVISION,Joe Minniti,Senior Investigator,14-ROD-067,1
05. Create and Post Job Opportunity Announcement,RETAILER OPERATIONS DIVISION,Joe Minniti,Senior Investigator,14-ROD-068,2
05. Create and Post Job Opportunity Announcement,RETAILER OPERATIONS DIVISION,Joe Minniti,Supervisory Program Specialist (Section Chief),14-ROD-082,1
05. Create and Post Job Opportunity Announcement,SUPPLEMENTAL NUTRITION ASSISTANCE PROGRAM,Dan Wilusz,Program Analyst,14SNAP10A/14SNAP10B/14SNAP10C/14SNAP10D,3
05. Create and Post Job Opportunity Announcement,SUPPLEMENTAL NUTRITION ASSISTANCE PROGRAM,Jane Duffield,Program Analyst,14SNAP07A/14SNAP07B/14SNAP07C/14SNAP07D,3
05. Create and Post Job Opportunity Announcement,SUPPLEMENTAL NUTRITION ASSISTANCE PROGRAM,Jessica Shahin,Program Analyst,,1
05. Create and Post Job Opportunity Announcement,SUPPLEMENTAL NUTRITION ASSISTANCE PROGRAM,Patrick Lucrezio,Program Analyst,14SNAP07A/14SNAP07B/14SNAP07C/14SNAP07D,1
05. Create and Post Job Opportunity Announcement,SUPPLEMENTAL NUTRITION ASSISTANCE PROGRAM,Shelly Pierce,Program Analyst,14SNAP05A/14SNAP05B/14SNAP05C,3
05. Create and Post Job Opportunity Announcement,SUPPLEMENTAL NUTRITION ASSISTANCE PROGRAM,Shelly Pierce,Program Analyst,14SNAP05C,1
05. Create and Post Job Opportunity Announcement,SUPPLEMENTAL NUTRITION ASSISTANCE PROGRAM,VACANT(Elizabeth Weber acting),Program Analyst,14SNAP13A/14SNAP13B,1
05. Create and Post Job Opportunity Announcement,SUPPLEMENTAL NUTRITION ASSISTANCE PROGRAM,VACANT(Jennifer McNabb acting),Program Analyst,14SNAP08A/14SNAP08B,1
05. Create and Post Job Opportunity Announcement,SUPPLEMENTAL NUTRITION ASSISTANCE PROGRAM,Vicky Robinson,Administrative Review Officer,14SNAP06A/14SNAP06B,3
05. Create and Post Job Opportunity Announcement,WESTERN REGIONAL OFFICE,Emerrick Konno,Budget Analyst,14-WRO-030,1
05. Create and Post Job Opportunity Announcement,WESTERN REGIONAL OFFICE,Jesus Mendoza,Management Analyst (HR Liaison),14-WRO-037,1
07. Evaluate Applications,MID-ATLANTIC REGIONAL OFFICE,Connie Mikell,Program Specialist,14-MARO-035,1
07. Evaluate Applications,MID-ATLANTIC REGIONAL OFFICE,David Gagliardi,Program Specialist,14-MARO-033,1
07. Evaluate Applications,MID-ATLANTIC REGIONAL OFFICE,Howard Lockstein,Grants Management Specialist,14-MARO-024,1
07. Evaluate Applications,MID-ATLANTIC REGIONAL OFFICE,Howard Lockstein,Grants Management Specialist,14-MARO-025,1
07. Evaluate Applications,MID-ATLANTIC REGIONAL OFFICE,Howard Lockstein,Grants Management Specialist,14-MARO-026,1
07. Evaluate Applications,MID-ATLANTIC REGIONAL OFFICE,Howard Lockstein,Grants Management Specialist,14-MARO-027,1
07. Evaluate Applications,MID-ATLANTIC REGIONAL OFFICE,Howard Lockstein,Grants Management Specialist,14-MARO-028,1
07. Evaluate Applications,MID-ATLANTIC REGIONAL OFFICE,Howard Lockstein,Grants Management Specialist,14-MARO-029,1
07. Evaluate Applications,MID-ATLANTIC REGIONAL OFFICE,James Harmon,Program Specialist,14-MARO-036,1
07. Evaluate Applications,MID-ATLANTIC REGIONAL OFFICE,James Harmon,Program Specialist,14-MARO-037,1
07. Evaluate Applications,MID-ATLANTIC REGIONAL OFFICE,Monique Hatten,Program Specialist,14-MARO-031,1
07. Evaluate Applications,MID-ATLANTIC REGIONAL OFFICE,Roberta Hodsdon,Program Specialist,14-MARO-030,1
07. Evaluate Applications,MIDWEST REGIONAL OFFICE,Bruce Hillman,Program Specialist,14MWRO117,1
07. Evaluate Applications,MIDWEST REGIONAL OFFICE,Jaqueline Pipitone,Program Specialist,14MWRO118,1
07. Evaluate Applications,MIDWEST REGIONAL OFFICE,Jaqueline Pipitone,Program Specialist,14MWRO119,1
07. Evaluate Applications,MIDWEST REGIONAL OFFICE,Michael Chambers,Grants Management Specialist,14MWRO102,1
07. Evaluate Applications,MIDWEST REGIONAL OFFICE,Sandra MacMartin,Program Specialist,14MWRO107,1
07. Evaluate Applications,MIDWEST REGIONAL OFFICE,Vista Fletcher,Program Specialist,14MWRO120,1
07. Evaluate Applications,MIDWEST REGIONAL OFFICE,Vista Fletcher,Program Specialist,14MWRO121,1
07. Evaluate Applications,MOUNTAIN PLAINS REGIONAL OFFICE,Cindy Archuleta,Grants Management Specialist,MP14007FM,1
07. Evaluate Applications,MOUNTAIN PLAINS REGIONAL OFFICE,David Von Behren,Program Specialist,MP14033SNP,1
07. Evaluate Applications,MOUNTAIN PLAINS REGIONAL OFFICE,David Von Behren,Program Specialist,MP14034SNP,1
07. Evaluate Applications,MOUNTAIN PLAINS REGIONAL OFFICE,Debra Hammack,Program Specialist,MP14031SNP,1
07. Evaluate Applications,MOUNTAIN PLAINS REGIONAL OFFICE,Debra Hammack,Program Specialist,MP14032snp,1
07. Evaluate Applications,NORTHEAST REGIONAL OFFICE,Alonzo Rodriguez,Program Specialist,NE1403,1
07. Evaluate Applications,NORTHEAST REGIONAL OFFICE,Alonzo Rodriguez,Program Specialist,NE1404,1
07. Evaluate Applications,NORTHEAST REGIONAL OFFICE,Bob Foley,Program Specialist,NE1434,1
07. Evaluate Applications,NORTHEAST REGIONAL OFFICE,Bob Foley,Program Specialist,NE1435,1
07. Evaluate Applications,NORTHEAST REGIONAL OFFICE,Bob Foley,Program Specialist,NE1436,1
07. Evaluate Applications,NORTHEAST REGIONAL OFFICE,Kirk Hassell,Grants Management Specialist,NE1414,1
07. Evaluate Applications,NORTHEAST REGIONAL OFFICE,Kirk Hassell,Grants Management Specialist,NE1415,1
07. Evaluate Applications,NORTHEAST REGIONAL OFFICE,Kirk Hassell,Grants Management Specialist,NE1416,1
07. Evaluate Applications,NORTHEAST REGIONAL OFFICE,Mark Johnson,Program Specialist,NE1406,1
07. Evaluate Applications,NORTHEAST REGIONAL OFFICE,Mary Kate Karagiorgos,Program Specialist,NE1402,1
07. Evaluate Applications,NORTHEAST REGIONAL OFFICE,Miranda Miranda,Program Specialist,NE1408,1
07. Evaluate Applications,SOUTHEAST REGIONAL OFFICE,Leisa Cook,Program Specialist,14-SERO-022,1
07. Evaluate Applications,SOUTHEAST REGIONAL OFFICE,Rebecca Hobbs,Grants Management Specialist,14-SERO-024,1
07. Evaluate Applications,SOUTHEAST REGIONAL OFFICE,Rebecca Hobbs,Grants Management Specialist,14-SERO-025,1
07. Evaluate Applications,SOUTHEAST REGIONAL OFFICE,Rebecca Hobbs,Grants Management Specialist,14-SERO-026,1
07. Evaluate Applications,SOUTHEAST REGIONAL OFFICE,Rebecca Hobbs,Grants Management Specialist,14-SERO-029,1
07. Evaluate Applications,SOUTHEAST REGIONAL OFFICE,Steve Hortin,Program Specialist,14-SERO-011,1
07. Evaluate Applications,SOUTHEAST REGIONAL OFFICE,Steve Hortin,Program Specialist,14-SERO-027,1
07. Evaluate Applications,SOUTHWEST REGIONAL OFFICE,,Program Specialist,,1
07. Evaluate Applications,SOUTHWEST REGIONAL OFFICE,Catrina Kamau,Program Specialist,,2
07. Evaluate Applications,SOUTHWEST REGIONAL OFFICE,Melvin Pickrell,Grants Management Specialist,14-SWRO-012,1
07. Evaluate Applications,SOUTHWEST REGIONAL OFFICE,Vernzel Byrd,Program Specialist,,2
07. Evaluate Applications,WESTERN REGIONAL OFFICE,Emerrick Konno,Grants Management Specialist,14-WRO-031,1
09. Selecting Official Review App-Interviews,DEPUTY ADMINSTRATOR FOR CHILD NUTRITION PROGRAMS,Angela Kline,Program Analyst (Senior Technical Advisor),CNP-017,1
09. Selecting Official Review App-Interviews,DEPUTY ADMINSTRATOR FOR CHILD NUTRITION PROGRAMS,Cindy Long,Program Analyst (Senior Technical Advisor),,1
09. Selecting Official Review App-Interviews,DEPUTY ADMINSTRATOR FOR CHILD NUTRITION PROGRAMS,Sarah Smith Holmes,Program Analyst (Senior Technical Advisor),CNP-016,1
09. Selecting Official Review App-Interviews,DEPUTY ADMINSTRATOR FOR SUPPLEMENTAL NUTRITION AND SAFETY PROGRAMS,Debbie Whitford,Program Analyst (Senior Technical Advisor),SNAS-13-3,1
09. Selecting Official Review App-Interviews,DEPUTY ADMINSTRATOR FOR SUPPLEMENTAL NUTRITION AND SAFETY PROGRAMS,Dennis Sullivan,Program Analyst,SNAS-14-13,2
09. Selecting Official Review App-Interviews,MID-ATLANTIC REGIONAL OFFICE,Eric Ratchford,Nutritionist,14-MARO-007,1
09. Selecting Official Review App-Interviews,MID-ATLANTIC REGIONAL OFFICE,Erick Ratchford,Management Analyst (Assistant to the Director),14-MARO-038,1
09. Selecting Official Review App-Interviews,MID-ATLANTIC REGIONAL OFFICE,Jim Harmon,Nutritionist,14-MARO-006,1
09. Selecting Official Review App-Interviews,MIDWEST REGIONAL OFFICE,,Management Analyst (Assistant to the Director),,1
09. Selecting Official Review App-Interviews,MOUNTAIN PLAINS REGIONAL OFFICE,Cheryl Kennedy,Management Analyst (Assistant to the Director),MP14018SNAP,1
09. Selecting Official Review App-Interviews,MOUNTAIN PLAINS REGIONAL OFFICE,Darlene Sanchez,Management Analyst (Assistant to the Director),MP14017SNP,1
09. Selecting Official Review App-Interviews,MOUNTAIN PLAINS REGIONAL OFFICE,Debra Hammack,Nutritionist,MP14009SNP,1
09. Selecting Official Review App-Interviews,MOUNTAIN PLAINS REGIONAL OFFICE,"VACANT (Darlene Sanchez, Acting)",Nutritionist,MP14008SNP,1
09. Selecting Official Review App-Interviews,MOUNTAIN PLAINS REGIONAL OFFICE,"VACANT (Darlene Sanchez, Acting)",Nutritionist,MP14010SNP,1
09. Selecting Official Review App-Interviews,NORTHEAST REGIONAL OFFICE,Bonnie Braithwaite,Nutritionist,NE1411,1
09. Selecting Official Review App-Interviews,NORTHEAST REGIONAL OFFICE,Candice Stoiber,Nutritionist,NE1413,1
09. Selecting Official Review App-Interviews,NORTHEAST REGIONAL OFFICE,Eddie Longoria,Management Analyst (Assistant to the Director),,1
09. Selecting Official Review App-Interviews,NORTHEAST REGIONAL OFFICE,Mark Johnson,Nutritionist,NE1412,1
09. Selecting Official Review App-Interviews,OFFICE OF POLICY SUPPORT,Anita Singh,Social Science Research Analyst,14-OPS-28,1
09. Selecting Official Review App-Interviews,OFFICE OF POLICY SUPPORT,Anita Singh,Social Science Research Analyst,14-OPS-29,1
09. Selecting Official Review App-Interviews,OFFICE OF POLICY SUPPORT,Melissa Abelev,Social Science Research Analyst,14-OPS-27,1
09. Selecting Official Review App-Interviews,OFFICE OF THE CHIEF COMMUNICATIONS OFFICER,Lisa Turner,Secretary,OCCO-14-016,1
09. Selecting Official Review App-Interviews,RETAILER OPERATIONS DIVISION,Joe Minniti,Program Specialist,14-ROD-047,1
09. Selecting Official Review App-Interviews,RETAILER OPERATIONS DIVISION,Joe Minniti,Program Specialist,14-ROD-048,1
09. Selecting Official Review App-Interviews,RETAILER OPERATIONS DIVISION,Joe Minniti,Program Specialist,14-ROD-049,1
09. Selecting Official Review App-Interviews,RETAILER OPERATIONS DIVISION,Joe Minniti,Program Specialist,14-ROD-053,1
09. Selecting Official Review App-Interviews,RETAILER OPERATIONS DIVISION,Joe Minniti,Program Specialist,14-ROD-054,1
09. Selecting Official Review App-Interviews,RETAILER OPERATIONS DIVISION,Joe Minniti,Program Specialist,14-ROD-055,1
09. Selecting Official Review App-Interviews,RETAILER OPERATIONS DIVISION,Joe Minniti,Program Specialist,14-ROD-056,1
09. Selecting Official Review App-Interviews,RETAILER OPERATIONS DIVISION,Joe Minniti,Program Specialist,14-ROD-057,1
09. Selecting Official Review App-Interviews,RETAILER OPERATIONS DIVISION,Joe Minniti,Program Specialist,14-ROD-058,1
09. Selecting Official Review App-Interviews,RETAILER OPERATIONS DIVISION,Joe Minniti,Program Specialist,14-ROD-059,1
09. Selecting Official Review App-Interviews,RETAILER OPERATIONS DIVISION,Joe Minniti,Program Specialist,14-ROD-060,1
09. Selecting Official Review App-Interviews,RETAILER OPERATIONS DIVISION,Joe Minniti,Program Specialist,14-ROD-061,1
09. Selecting Official Review App-Interviews,RETAILER OPERATIONS DIVISION,Joe Minniti,Program Specialist,14-ROD-070,1
09. Selecting Official Review App-Interviews,RETAILER OPERATIONS DIVISION,Joe Minniti,Program Specialist,14-ROD-079,1
09. Selecting Official Review App-Interviews,RETAILER OPERATIONS DIVISION,Joe Minniti,Program Specialist,14-ROD-080,1
09. Selecting Official Review App-Interviews,RETAILER OPERATIONS DIVISION,Joe Minniti,Program Specialist,14-ROD-081,1
09. Selecting Official Review App-Interviews,RETAILER OPERATIONS DIVISION,Joe Minniti,Program Technician - Dallas,13-ROD-005,1
09. Selecting Official Review App-Interviews,SOUTHEAST REGIONAL OFFICE,Johnathan Monroe,Public Affairs Specialist,14-SERO-028,1
09. Selecting Official Review App-Interviews,SOUTHEAST REGIONAL OFFICE,Lanna Kirk,Management Analyst (Assistant to the Director),,1
09. Selecting Official Review App-Interviews,SOUTHWEST REGIONAL OFFICE,Dwight Crudup,Management Analyst (Assistant to the Director),14-SWR0-015-1,1
09. Selecting Official Review App-Interviews,SOUTHWEST REGIONAL OFFICE,Eddie Longoria,Management Analyst (Assistant to the Director),14-SWRO-015-2,1
09. Selecting Official Review App-Interviews,SOUTHWEST REGIONAL OFFICE,Shannon Jones,Nutritionist,14-SWRO-014,1
09. Selecting Official Review App-Interviews,SUPPLEMENTAL NUTRITION ASSISTANCE PROGRAM,Jessica Shahin,Program Analyst (Senior Technical Advisor),,1
09. Selecting Official Review App-Interviews,SUPPLEMENTAL NUTRITION ASSISTANCE PROGRAM,Lizbeth Silbermann,Supervisory Program Analyst (Branch Chief),14SNAP09A,1
09. Selecting Official Review App-Interviews,SUPPLEMENTAL NUTRITION ASSISTANCE PROGRAM,Lizbeth Silbermann,Supervisory Program Analyst (Branch Chief),14SNAP14,1
09. Selecting Official Review App-Interviews,WESTERN REGIONAL OFFICE,Genam Chew,Nutritionist,14-WRO-034,1
09. Selecting Official Review App-Interviews,WESTERN REGIONAL OFFICE,Genam Chew,Nutritionist (PART-TIME),14-WRO-035,1
09. Selecting Official Review App-Interviews,WESTERN REGIONAL OFFICE,Genam Chew,Program Specialist,14-WRO-007,1
09. Selecting Official Review App-Interviews,WESTERN REGIONAL OFFICE,Genam Chew,Program Specialist,14-WRO-008,1
09. Selecting Official Review App-Interviews,WESTERN REGIONAL OFFICE,Lisa Kim,Program Specialist,14-WRO-024,1
09. Selecting Official Review App-Interviews,WESTERN REGIONAL OFFICE,Maribelle Balbes,Program Specialist,14-WRO-025,1
09. Selecting Official Review App-Interviews,WESTERN REGIONAL OFFICE,Maribelle Balbes,Program Specialist,14-WRO-026,1
09. Selecting Official Review App-Interviews,WESTERN REGIONAL OFFICE,Maribelle Balbes,Program Specialist,14-WRO-027,1
09. Selecting Official Review App-Interviews,WESTERN REGIONAL OFFICE,Maribelle Balbes,Program Specialist,14-WRO-028,1
09. Selecting Official Review App-Interviews,WESTERN REGIONAL OFFICE,Maribelle Balbes,Program Specialist,14-WRO-029,1
09. Selecting Official Review App-Interviews,WESTERN REGIONAL OFFICE,Ronna Bach,Management Analyst (Assistant to the Director),14-WRO-011,1
09. Selecting Official Review App-Interviews,WESTERN REGIONAL OFFICE,VACANT (at this time),Nutritionist,14-WRO-036,1
09. Selecting Official Review App-Interviews,WESTERN REGIONAL OFFICE,VACANT (at this time),Program Specialist,14-WRO-010,1
09. Selecting Official Review App-Interviews,WESTERN REGIONAL OFFICE,VACANT (at this time),Program Specialist,14-WRO-023,1
09. Selecting Official Review App-Interviews,WESTERN REGIONAL OFFICE,Zita Viernes,Program Specialist,14-WRO-006,1
10. Tentative Job Offer / Acceptance,CIVIL RIGHTS DIVISION,David Youngblood,Secretary,OCR-14-001,1
10. Tentative Job Offer / Acceptance,DEPUTY ADMINSTRATOR FOR CHILD NUTRITION PROGRAMS,Angela Kline,Secretary,CNP-013A,1
10. Tentative Job Offer / Acceptance,DEPUTY ADMINSTRATOR FOR CHILD NUTRITION PROGRAMS,Cheryl Lewis,Secretary,CNP-013C,1
10. Tentative Job Offer / Acceptance,DEPUTY ADMINSTRATOR FOR CHILD NUTRITION PROGRAMS,Cindy Long,Special Assistant,CNP-045,1
10. Tentative Job Offer / Acceptance,DEPUTY ADMINSTRATOR FOR SUPPLEMENTAL NUTRITION AND SAFETY PROGRAMS,Mary Jean Kirchner,Special Assistant,14-SNAS-027,1
10. Tentative Job Offer / Acceptance,MID-ATLANTIC REGIONAL OFFICE,Jim Harmon,Management Analyst (Assistant to the Director),14-MARO-012,1
10. Tentative Job Offer / Acceptance,NORTHEAST REGIONAL OFFICE,Bob Foley,Program Specialist,NE1409,1
10. Tentative Job Offer / Acceptance,NORTHEAST REGIONAL OFFICE,Mark Johnson,Program Specialist,NE1405,1
10. Tentative Job Offer / Acceptance,NORTHEAST REGIONAL OFFICE,Mary Kate Karagiorgos,Program Specialist,NE1401,1
10. Tentative Job Offer / Acceptance,NORTHEAST REGIONAL OFFICE,Miranda Miranda,Program Specialist,NE1407,1
10. Tentative Job Offer / Acceptance,OFFICE OF POLICY SUPPORT,Rich Lucas,Special Assistant,14-OPS-037,1
10. Tentative Job Offer / Acceptance,RETAILER OPERATIONS DIVISION,Joe Minniti,Program Specialist,14-ROD-038,1
10. Tentative Job Offer / Acceptance,RETAILER OPERATIONS DIVISION,Joe Minniti,Program Specialist,14-ROD-039,1
10. Tentative Job Offer / Acceptance,RETAILER OPERATIONS DIVISION,Joe Minniti,Program Specialist,14-ROD-040,1
10. Tentative Job Offer / Acceptance,RETAILER OPERATIONS DIVISION,Joe Minniti,Program Specialist,14-ROD-041,1
10. Tentative Job Offer / Acceptance,RETAILER OPERATIONS DIVISION,Joe Minniti,Program Specialist,14-ROD-042,1
10. Tentative Job Offer / Acceptance,RETAILER OPERATIONS DIVISION,Joe Minniti,Program Specialist,14-ROD-043,1
10. Tentative Job Offer / Acceptance,RETAILER OPERATIONS DIVISION,Joe Minniti,Program Specialist,14-ROD-044,1
10. Tentative Job Offer / Acceptance,RETAILER OPERATIONS DIVISION,Joe Minniti,Program Specialist,14-ROD-045,1
10. Tentative Job Offer / Acceptance,RETAILER OPERATIONS DIVISION,Joe Minniti,Program Specialist,14-ROD-046,1
10. Tentative Job Offer / Acceptance,RETAILER OPERATIONS DIVISION,Joe Minniti,Program Specialist,14-ROD-050,1
10. Tentative Job Offer / Acceptance,RETAILER OPERATIONS DIVISION,Joe Minniti,Program Specialist,14-ROD-051,1
10. Tentative Job Offer / Acceptance,RETAILER OPERATIONS DIVISION,Joe Minniti,Program Specialist,14-ROD-052,1
10. Tentative Job Offer / Acceptance,RETAILER OPERATIONS DIVISION,Joe Minniti,Program Specialist,14-ROD-069,1
10. Tentative Job Offer / Acceptance,RETAILER OPERATIONS DIVISION,Joe Minniti,Program Specialist,14-ROD-071,1
10. Tentative Job Offer / Acceptance,SUPPLEMENTAL NUTRITION ASSISTANCE PROGRAM,Jessica Shahin,"Program Manager (Director, Office of Education and Training)",,1
14. Complete,ASSOCIATE ADMINISTRATOR FOR REGIONAL OPERATIONS AND SUPPORT,Karen Painter Jacques,Management Analyst,14-ROS-001,1
14. Complete,CENTER FOR NUTRITION POLICY AND PROMOTION,Jackie Haven,Lead Public Affairs Specialist,CNPP-14-001A,1
14. Complete,CENTER FOR NUTRITION POLICY AND PROMOTION,Jackie Haven,Nutritionist,CNPP-14-001,1
14. Complete,CENTER FOR NUTRITION POLICY AND PROMOTION,Jackie Haven,Nutritionist,CNPP-14-002,1
14. Complete,CENTER FOR NUTRITION POLICY AND PROMOTION,Jackie Haven,Nutritionist,CNPP-14-003,1
14. Complete,CENTER FOR NUTRITION POLICY AND PROMOTION,Jackie Haven,Nutritionist,CNPP-14-004,1
14. Complete,CENTER FOR NUTRITION POLICY AND PROMOTION,Jackie Haven,Nutritionist,CNPP-14-005,1
14. Complete,CENTER FOR NUTRITION POLICY AND PROMOTION,Jackie Haven,Nutritionist,CNPP-14-006,1
14. Complete,CENTER FOR NUTRITION POLICY AND PROMOTION,Jackie Haven,Nutritionist,CNPP-14-007,1
14. Complete,CIVIL RIGHTS DIVISION,David Youngblood,Equal Opportunity Specialist,CRD-14-010,1
14. Complete,CIVIL RIGHTS DIVISION,David Youngblood,Supervisory EO Specialist (Branch Chief),OCR-14-003,1
14. Complete,DEPUTY ADMINISTRATOR FOR MANAGEMENT,Javier Inclan,Physical Security Specialist,,1
14. Complete,DEPUTY ADMINISTRATOR FOR MANAGEMENT,Javier Inclan,Space Utilization Specialist,MAN-14-022,1
14. Complete,DEPUTY ADMINSTRATOR FOR CHILD NUTRITION PROGRAMS,Angela Kline,Supervisory Program Analyst (Branch Chief),CNP-009A,1
14. Complete,DEPUTY ADMINSTRATOR FOR CHILD NUTRITION PROGRAMS,Sarah Smith Holmes,Secretary,CNP-013B,1
14. Complete,DEPUTY ADMINSTRATOR FOR SUPPLEMENTAL NUTRITION AND SAFETY PROGRAMS,Anne Bartholomew,Nutritionist,SNAS-13-4,1
14. Complete,DEPUTY ADMINSTRATOR FOR SUPPLEMENTAL NUTRITION AND SAFETY PROGRAMS,Debra Whitford,Secretary,SNAS-14-5,1
14. Complete,DEPUTY ADMINSTRATOR FOR SUPPLEMENTAL NUTRITION AND SAFETY PROGRAMS,Dennis Sullivan,Program Analyst,SNAS-14-12,1
14. Complete,DEPUTY ADMINSTRATOR FOR SUPPLEMENTAL NUTRITION AND SAFETY PROGRAMS,Donna Hines,Nutritionist,SNAS-13-5,1
14. Complete,DEPUTY ADMINSTRATOR FOR SUPPLEMENTAL NUTRITION AND SAFETY PROGRAMS,Tim Vasquez,Program Analyst,SNAS-14-15,1
14. Complete,MID-ATLANTIC REGIONAL OFFICE,David Gagliardi,Program Specialist,14-MARO-034,1
14. Complete,MID-ATLANTIC REGIONAL OFFICE,Margarita Maissterena,Public Affairs Specialist,14-MARO-005,1
14. Complete,MID-ATLANTIC REGIONAL OFFICE,Tim Walsh,Program Specialist,14-MARO-032,1
14. Complete,MIDWEST REGIONAL OFFICE,Bruce Hillman,Program Specialist,14MWRO113,1
14. Complete,MIDWEST REGIONAL OFFICE,Jaqueline Pipitone,Program Specialist,14MWRO109,1
14. Complete,MIDWEST REGIONAL OFFICE,Jaqueline Pipitone,Program Specialist,14MWRO110,1
14. Complete,MIDWEST REGIONAL OFFICE,Susan Holzer,Program Specialist,14MWRO108,1
14. Complete,MIDWEST REGIONAL OFFICE,Vista Fletcher,Program Specialist,14MWRO111,1
14. Complete,MIDWEST REGIONAL OFFICE,Vista Fletcher,Program Specialist,14MWRO112,1
14. Complete,MOUNTAIN PLAINS REGIONAL OFFICE,Darlene Sanchez,Supervisory Program Specialist (Branch Chief),MP1404SNP,1
14. Complete,MOUNTAIN PLAINS REGIONAL OFFICE,Joe Casey,Program Specialist,mp14039SNAP,1
14. Complete,MOUNTAIN PLAINS REGIONAL OFFICE,Joe Casey,Program Specialist,MP14040SNAP,1
14. Complete,MOUNTAIN PLAINS REGIONAL OFFICE,Phil Fraley,Program Specialist,MP14035SNAP,1
14. Complete,MOUNTAIN PLAINS REGIONAL OFFICE,Phil Fraley,Program Specialist,MP14036SNAP,1
14. Complete,MOUNTAIN PLAINS REGIONAL OFFICE,Phil Fraley,Program Specialist,MP14037SNAP,1
14. Complete,MOUNTAIN PLAINS REGIONAL OFFICE,Phil Fraley,Program Specialist,MP14038SNAP,1
14. Complete,NORTHEAST REGIONAL OFFICE,Alonzo Rodriguez,Program Specialist,NE1426,1
14. Complete,NORTHEAST REGIONAL OFFICE,Alonzo Rodriguez,Program Specialist,NE1427,1
14. Complete,NORTHEAST REGIONAL OFFICE,Alonzo Rodriguez,Program Specialist,NE1428,1
14. Complete,NORTHEAST REGIONAL OFFICE,Alonzo Rodriguez,Program Specialist,NE1429,1
14. Complete,NORTHEAST REGIONAL OFFICE,Alonzo Rodriguez,Program Specialist,NE1430,1
14. Complete,NORTHEAST REGIONAL OFFICE,Bob Foley,Program Specialist,NE1423,1
14. Complete,NORTHEAST REGIONAL OFFICE,Bob Foley,Program Specialist,NE1424,1
14. Complete,NORTHEAST REGIONAL OFFICE,Mark Johnson,Program Specialist,NE1425,1
14. Complete,NORTHEAST REGIONAL OFFICE,Mary Kate Karagiorgos,Program Specialist,NE1431,1
14. Complete,NORTHEAST REGIONAL OFFICE,Mary Kate Karagiorgos,Program Specialist,NE1432,1
14. Complete,NORTHEAST REGIONAL OFFICE,Mary Kate Karagiorgos,Program Specialist,NE1433,1
14. Complete,NORTHEAST REGIONAL OFFICE,Miranda Miranda,Program Specialist,NE1421,1
14. Complete,NORTHEAST REGIONAL OFFICE,Miranda Miranda,Program Specialist,NE1422,1
14. Complete,OFFICE OF POLICY SUPPORT,Melissa Abelev,Social Science Research Analyst,14-OPS-26,1
14. Complete,OFFICE OF THE CHIEF COMMUNICATIONS OFFICER,Bruce Alexander,Supervisory Public Affairs Specialist - Social Media Chief,OCCO-14-019,1
14. Complete,OFFICE OF THE CHIEF COMMUNICATIONS OFFICER,Lisa Turner,Special Assistant,OCCO-14-006,1
14. Complete,OFFICE OF THE CHIEF FINANCIAL OFFICER,David Burr,Special Assistant,FM-14-042,1
14. Complete,SOUTHEAST REGIONAL OFFICE,Brian McCall,Program Specialist,14-SERO-012,1
14. Complete,SOUTHEAST REGIONAL OFFICE,Brian McCall,Program Specialist,14-SERO-013,1
14. Complete,SOUTHEAST REGIONAL OFFICE,Brian McCall,Program Specialist,14-SERO-014,1
14. Complete,SOUTHEAST REGIONAL OFFICE,Eugene Malveaux,Program Specialist,14-SERO-015,1
14. Complete,SOUTHEAST REGIONAL OFFICE,Eugene Malveaux,Program Specialist,14-SERO-016,1
14. Complete,SOUTHEAST REGIONAL OFFICE,Eugene Malveaux,Program Specialist,14-SERO-017,1
14. Complete,SOUTHEAST REGIONAL OFFICE,Leisa Cook,Program Specialist,14-SERO-018,1
14. Complete,SOUTHEAST REGIONAL OFFICE,Leisa Cook,Program Specialist,14-SERO-019,1
14. Complete,SOUTHEAST REGIONAL OFFICE,Leisa Cook,Program Specialist,14-SERO-020,1
14. Complete,SOUTHEAST REGIONAL OFFICE,Leisa Cook,Program Specialist,14-SERO-021,1
14. Complete,SOUTHEAST REGIONAL OFFICE,Leisa Cook,Program Specialist,14-SERO-023,1
14. Complete,SOUTHEAST REGIONAL OFFICE,Steve Hortin,Program Specialist,14-SERO-006,1
14. Complete,SOUTHEAST REGIONAL OFFICE,Steve Hortin,Program Specialist,14-SERO-007,1
14. Complete,SOUTHEAST REGIONAL OFFICE,Steve Hortin,Program Specialist,14-SERO-008,1
14. Complete,SOUTHEAST REGIONAL OFFICE,Steve Hortin,Program Specialist,14-SERO-009,1
14. Complete,SOUTHEAST REGIONAL OFFICE,Steve Hortin,Program Specialist,14-SERO-010,1
14. Complete,SOUTHWEST REGIONAL OFFICE,Darrell Allen,Program Specialist,14-SWRO-011-7,1
14. Complete,SOUTHWEST REGIONAL OFFICE,Leslie Lankster,Public Affairs Specialist,14-SWRO-010,1
14. Complete,SOUTHWEST REGIONAL OFFICE,Rosa Coronado,Program Specialist,14-SWRO-011-5,1
14. Complete,SOUTHWEST REGIONAL OFFICE,Rosa Coronado,Program Specialist,14-SWRO-011-6,1
14. Complete,SOUTHWEST REGIONAL OFFICE,Vernzel Byrd,Program Specialist,14-SWRO-011-1,1
14. Complete,SOUTHWEST REGIONAL OFFICE,Vernzel Byrd,Program Specialist,14-SWRO-011-2,1
14. Complete,SOUTHWEST REGIONAL OFFICE,Vernzel Byrd,Program Specialist,14-SWRO-011-3,1
14. Complete,SUPPLEMENTAL NUTRITION ASSISTANCE PROGRAM,Dan Wilusz,Program Analyst,14SNAP10,1
14. Complete,SUPPLEMENTAL NUTRITION ASSISTANCE PROGRAM,Shanta Swezy,Program Analyst,14SNAP12A,1
14. Complete,SUPPLEMENTAL NUTRITION ASSISTANCE PROGRAM,Shanta Swezy,Program Analyst,14SNAP12B,1
14. Complete,SUPPLEMENTAL NUTRITION ASSISTANCE PROGRAM,Shanta Swezy,Program Analyst,14SNAP12C,1
14. Complete,WESTERN REGIONAL OFFICE,Genam Chew,Program Specialist,14-WRO-021,1
14. Complete,WESTERN REGIONAL OFFICE,Genam Chew,Program Specialist,14-WRO-022,1
14. Complete,WESTERN REGIONAL OFFICE,Jesus Mendoza,Deputy Regional Administrator,14-WRO-014,1
14. Complete,WESTERN REGIONAL OFFICE,Lisa Kim,Program Specialist,14-WRO-015,1
14. Complete,WESTERN REGIONAL OFFICE,Lisa Kim,Program Specialist,14-WRO-016,1
14. Complete,WESTERN REGIONAL OFFICE,Lisa Kim,Program Specialist,14-WRO-017,1
14. Complete,WESTERN REGIONAL OFFICE,Ronna Bach,Supervisory Program Specialist (Branch Chief),14-WRO-033,1
14. Complete,WESTERN REGIONAL OFFICE,Zita Viernes,Program Specialist,14-WRO-019,1
14. Complete,WESTERN REGIONAL OFFICE,Zita Viernes,Program Specialist,14-WRO-020,1
15. Moved to FY2015,MIDWEST REGIONAL OFFICE,Michael Chambers,Supervisory Grants Management Specialist (Branch Chief),14MWRO104,1
15. Moved to FY2015,MOUNTAIN PLAINS REGIONAL OFFICE,Cindy Archuleta,Data Analyst,MP14006FM,1
15. Moved to FY2015,MOUNTAIN PLAINS REGIONAL OFFICE,Cindy Archuleta,Financial Technician,MP14028FM,1
15. Moved to FY2015,MOUNTAIN PLAINS REGIONAL OFFICE,Larry Grandison,Management Analyst (Tribal Liaison),MP14013RA,1
15. Moved to FY2015,MOUNTAIN PLAINS REGIONAL OFFICE,Michael Todd,Management Services Specialist,MP14002ADM,1
15. Moved to FY2015,MOUNTAIN PLAINS REGIONAL OFFICE,Michael Todd,Management Services Specialist,MP14003ADM,1
15. Moved to FY2015,NORTHEAST REGIONAL OFFICE,Kirk Hassell,Supervisory Grants Management Specialist (Branch Chief),NE1410,1
15. Moved to FY2015,SOUTHEAST REGIONAL OFFICE,Rebecca Hobbs,Data Analyst,14-SERO-030,1
15. Moved to FY2015,SOUTHEAST REGIONAL OFFICE,Rebecca Hobbs,Data Analyst,14-SERO-031,1
15. Moved to FY2015,WESTERN REGIONAL OFFICE,Emerrick Konno,Data Analyst,14-WRO-043,1
15. Moved to FY2015,WESTERN REGIONAL OFFICE,Emerrick Konno,Data Analyst,14-WRO-044,1
15. Moved to FY2015,WESTERN REGIONAL OFFICE,Emerrick Konno,Data Analyst,14-WRO-045,1
15. Moved to FY2015,WESTERN REGIONAL OFFICE,Jesus Mendoza,Financial Management Director,14-WRO-032,1
15. Moved to FY2015,WESTERN REGIONAL OFFICE,Jesus Mendoza,Management Analyst (Tribal Liaison),14-WRO-041,1
